{
  "detectors": [
    {
      "name": "SiTarget_StripX",
      "ntuple": "SiTargetMeas",
      "filter": {"plane": 0},
      "color": [1.0, 0.4, 0.7],
      "voxel": {"x": 0.003775, "y": 4.9, "z": 0.015},
      "layers_z_cm": [
        -37.04, -35.94, -34.84, -33.74, -32.64, -31.54, -30.44,
        -29.34, -28.24, -27.14, -26.04, -24.94, -23.84, -22.74,
        -21.64, -20.54, -19.44, -18.34, -17.24, -16.14
      ]
    },
    {
      "name": "SiTarget_StripY",
      "ntuple": "SiTargetMeas",
      "filter": {"plane": 1},
      "color": [1.0, 0.4, 0.7],
      "voxel": {"x": 4.9, "y": 0.003775, "z": 0.015},
      "layers_z_cm": [
        -36.46, -35.36, -34.26, -33.16, -32.06, -30.96, -29.86,
        -28.76, -27.66, -26.56, -25.46, -24.36, -23.26, -22.16,
        -21.06, -19.96, -18.86, -17.76, -16.66, -15.56
      ]
    },
    {
      "name": "SiPad",
      "ntuple": "SiPadMeas",
      "filter": {},
      "color": [1.0, 0.5, 0.0],
      "voxel": {"x": 0.275, "y": 0.275, "z": 0.0325},
      "layers_z_cm": [
        -13.95, -12.50, -11.05, -9.60, -8.15, -6.70, -5.25,
        -3.80, -2.35, -0.90, 0.55, 2.00, 3.45, 4.90, 6.35, 7.80,
        9.25, 10.70, 12.15, 13.60
      ]
    }
  ],
  "geometry": [
    {
      "name": "SiTarget planes",
      "color": [0.2, 0.4, 0.9],
      "transparency": 95,
      "voxel": {"x": 20.0, "y": 20.0, "z": 0.015},
      "layers_z_cm": [
        -37.04, -36.46, -35.94, -35.36, -34.84, -34.26, -33.74,
        -33.16, -32.64, -32.06, -31.54, -30.96, -30.44, -29.86,
        -29.34, -28.76, -28.24, -27.66, -27.14, -26.56, -26.04,
        -25.46, -24.94, -24.36, -23.84, -23.26, -22.74, -22.16,
        -21.64, -21.06, -20.54, -19.96, -19.44, -18.86, -18.34,
        -17.76, -17.24, -16.66, -16.14, -15.56
      ]
    },
    {
      "name": "SiPad planes",
      "color": [0.2, 0.7, 0.2],
      "transparency": 95,
      "voxel": {"x": 17.6, "y": 17.6, "z": 0.0325},
      "layers_z_cm": [
        -13.95, -12.50, -11.05, -9.60, -8.15, -6.70, -5.25,
        -3.80, -2.35, -0.90, 0.55, 2.00, 3.45, 4.90, 6.35, 7.80,
        9.25, 10.70, 12.15, 13.60
      ]
    }
  ]
}
